Name,Surname,City,Phone
Andrzej,Aaaa,Aneta,240826828
Andrzej,Aaaa,Aneta,308214124
Andrzej,Cccccc,Bogdan,695305422
Bogdan,Cccccc,Andrzej,214033114
Aneta,Bbbbbb,Aneta,006944752
Andrzej,Aaaa,Aneta,850917934
Aneta,Cccccc,Andrzej,743055114
Bogdan,Aaaa,Andrzej,792979562
Bogdan,Aaaa,Aneta,988876705
Bogdan,Aaaa,Aneta,722936512
Bogdan,Aaaa,Bogdan,198675320
Andrzej,Aaaa,Aneta,896909870
Andrzej,Aaaa,Bogdan,132466227
Andrzej,Aaaa,Bogdan,919382893
Andrzej,Bbbbbb,Aneta,006855030
Bogdan,Cccccc,Andrzej,108038600
Andrzej,Aaaa,Andrzej,914310254
Andrzej,Aaaa,Aneta,047700783
Aneta,Bbbbbb,Andrzej,732330319
Bogdan,Bbbbbb,Bogdan,678590322
Andrzej,Bbbbbb,Andrzej,146955345
Andrzej,Cccccc,Aneta,924744477
Aneta,Aaaa,Bogdan,919074443
Bogdan,Cccccc,Aneta,050254279
Aneta,Aaaa,Andrzej,845723548
Aneta,Cccccc,Andrzej,871527699
Aneta,Cccccc,Andrzej,508327595
Aneta,Aaaa,Aneta,845280153
Andrzej,Aaaa,Bogdan,853973433
Bogdan,Cccccc,Aneta,305211903
Andrzej,Aaaa,Aneta,957192230
Aneta,Bbbbbb,Aneta,284370781
Andrzej,Cccccc,Bogdan,410387435
Bogdan,Cccccc,Bogdan,676448576
Aneta,Bbbbbb,Bogdan,947106119
Andrzej,Cccccc,Bogdan,379322145
Aneta,Bbbbbb,Andrzej,391046371
Aneta,Bbbbbb,Bogdan,132645487
Aneta,Aaaa,Andrzej,780658451
Aneta,Cccccc,Bogdan,167934168
Bogdan,Cccccc,Bogdan,482214537
Bogdan,Bbbbbb,Bogdan,164157164
Aneta,Aaaa,Bogdan,046905600
Aneta,Cccccc,Andrzej,872829956
Andrzej,Cccccc,Andrzej,970536348
Aneta,Aaaa,Andrzej,111680071
Andrzej,Cccccc,Bogdan,774072483
Bogdan,Aaaa,Andrzej,317327386
Aneta,Cccccc,Aneta,545654758
Aneta,Cccccc,Andrzej,563415995
Aneta,Bbbbbb,Bogdan,035178876
Aneta,Aaaa,Andrzej,128735227
Bogdan,Aaaa,Aneta,667147955
Andrzej,Cccccc,Bogdan,550594631
Andrzej,Bbbbbb,Bogdan,514064931
Aneta,Bbbbbb,Bogdan,218992186
Bogdan,Cccccc,Bogdan,200990780
Andrzej,Aaaa,Aneta,521285437
Aneta,Cccccc,Andrzej,231075893
Bogdan,Aaaa,Aneta,887499877
Bogdan,Cccccc,Andrzej,929424344
Aneta,Aaaa,Bogdan,715582622
Aneta,Cccccc,Bogdan,651841590
Andrzej,Bbbbbb,Andrzej,592264711
Aneta,Cccccc,Andrzej,179675177
Aneta,Aaaa,Andrzej,773594064
Aneta,Aaaa,Bogdan,732823280
Aneta,Bbbbbb,Bogdan,293006256
Bogdan,Cccccc,Andrzej,705310867
Aneta,Bbbbbb,Aneta,577168053
Aneta,Cccccc,Bogdan,788393591
Andrzej,Cccccc,Andrzej,423747433
Bogdan,Bbbbbb,Andrzej,473858804
Andrzej,Cccccc,Aneta,560972032
Andrzej,Cccccc,Aneta,143799830
Andrzej,Cccccc,Aneta,720917106
Andrzej,Cccccc,Andrzej,652033345
Andrzej,Bbbbbb,Bogdan,846650526
Bogdan,Cccccc,Andrzej,022123422
Bogdan,Cccccc,Andrzej,750108348
Andrzej,Cccccc,Andrzej,930135042
Aneta,Aaaa,Aneta,270425813
Bogdan,Cccccc,Andrzej,240147033
Andrzej,Aaaa,Aneta,541699443
Bogdan,Cccccc,Bogdan,832488669
Bogdan,Aaaa,Andrzej,247575653
Andrzej,Bbbbbb,Aneta,625427499
Andrzej,Bbbbbb,Aneta,573124745
Andrzej,Aaaa,Aneta,643462721
Aneta,Bbbbbb,Aneta,244351746
Bogdan,Aaaa,Andrzej,562416892
Aneta,Cccccc,Bogdan,904676174
Bogdan,Cccccc,Andrzej,817948894
Andrzej,Aaaa,Bogdan,354976609
Andrzej,Aaaa,Aneta,019335796
Andrzej,Cccccc,Bogdan,235129135
Andrzej,Cccccc,Aneta,503573473
Aneta,Bbbbbb,Aneta,490331143
Bogdan,Aaaa,Aneta,390417448
Bogdan,Cccccc,Bogdan,424292946
Aneta,Cccccc,Andrzej,102564568
Aneta,Cccccc,Bogdan,086725413
Aneta,Bbbbbb,Bogdan,259079324
Andrzej,Bbbbbb,Aneta,202690667
Andrzej,Bbbbbb,Andrzej,165142360
Bogdan,Aaaa,Aneta,054521507
Aneta,Aaaa,Aneta,829817639
Aneta,Cccccc,Aneta,805210759
Aneta,Bbbbbb,Bogdan,513936927
Andrzej,Bbbbbb,Andrzej,375469207
Andrzej,Bbbbbb,Aneta,040871889
Aneta,Bbbbbb,Andrzej,248922570
Aneta,Aaaa,Aneta,459242972
Aneta,Cccccc,Aneta,472067796
Bogdan,Cccccc,Bogdan,593410874
Aneta,Aaaa,Bogdan,743105627
Andrzej,Aaaa,Bogdan,328904284
Aneta,Cccccc,Andrzej,000043425
Aneta,Cccccc,Andrzej,737034214
Andrzej,Bbbbbb,Andrzej,178293099
Aneta,Bbbbbb,Andrzej,545532491
Bogdan,Aaaa,Aneta,907968930
Aneta,Aaaa,Andrzej,436812687
Bogdan,Aaaa,Bogdan,637808430
Aneta,Cccccc,Aneta,150398670
Aneta,Aaaa,Bogdan,948614771
Bogdan,Aaaa,Andrzej,664896586
Aneta,Bbbbbb,Aneta,662096278
Bogdan,Cccccc,Bogdan,190994654
Bogdan,Bbbbbb,Andrzej,169577810
Andrzej,Cccccc,Andrzej,032045018
Bogdan,Bbbbbb,Aneta,971209765
Bogdan,Aaaa,Andrzej,135151749
Bogdan,Cccccc,Aneta,819978610
Aneta,Aaaa,Andrzej,158226257
Aneta,Aaaa,Aneta,655998520
Aneta,Bbbbbb,Bogdan,411052329
Aneta,Aaaa,Aneta,539250152
Aneta,Cccccc,Aneta,855602293
Aneta,Aaaa,Andrzej,966091289
Bogdan,Aaaa,Andrzej,794939955
Aneta,Aaaa,Aneta,713288043
Aneta,Cccccc,Andrzej,148916457
Andrzej,Aaaa,Bogdan,594613685
Bogdan,Bbbbbb,Aneta,736400991
Aneta,Bbbbbb,Andrzej,453934547
Bogdan,Bbbbbb,Andrzej,400347286
Andrzej,Bbbbbb,Aneta,359531864
Andrzej,Aaaa,Andrzej,989546056
Andrzej,Cccccc,Bogdan,522679580
Bogdan,Cccccc,Aneta,111706117
Andrzej,Cccccc,Aneta,303956747
Andrzej,Aaaa,Andrzej,899082649
Aneta,Aaaa,Bogdan,803984125
Andrzej,Bbbbbb,Aneta,980516455
Bogdan,Bbbbbb,Aneta,224099425
Aneta,Aaaa,Andrzej,158553672
Aneta,Cccccc,Bogdan,492399429
Aneta,Aaaa,Andrzej,323837040
Bogdan,Cccccc,Aneta,689444900
Andrzej,Aaaa,Andrzej,635211823
Aneta,Bbbbbb,Andrzej,597765426
Aneta,Bbbbbb,Aneta,742244059
Andrzej,Cccccc,Bogdan,557118936
Bogdan,Aaaa,Bogdan,568498355
Andrzej,Bbbbbb,Bogdan,061861465
Aneta,Bbbbbb,Bogdan,791019090
Bogdan,Aaaa,Andrzej,443559203
Andrzej,Cccccc,Aneta,687065582
Andrzej,Cccccc,Bogdan,594472977
Aneta,Aaaa,Bogdan,671669535
Andrzej,Cccccc,Andrzej,930907391
Aneta,Bbbbbb,Aneta,925417788
Andrzej,Aaaa,Aneta,119696489
Aneta,Cccccc,Bogdan,867326334
Bogdan,Cccccc,Aneta,201140147
Bogdan,Bbbbbb,Aneta,262896816
Aneta,Cccccc,Aneta,180227095
Aneta,Cccccc,Aneta,248107707
Andrzej,Bbbbbb,Aneta,149517495
Andrzej,Cccccc,Andrzej,309187626
Andrzej,Bbbbbb,Bogdan,433447661
Andrzej,Cccccc,Andrzej,796316621
Bogdan,Cccccc,Bogdan,265850236
Andrzej,Bbbbbb,Bogdan,690485943
Andrzej,Aaaa,Bogdan,044203786
Aneta,Aaaa,Aneta,143377315
Aneta,Bbbbbb,Aneta,068566112
Bogdan,Aaaa,Bogdan,681478877
Bogdan,Cccccc,Bogdan,040950329
Andrzej,Cccccc,Aneta,085224171
Bogdan,Aaaa,Bogdan,461777638
Andrzej,Cccccc,Bogdan,790200371
Aneta,Aaaa,Bogdan,614718954
Bogdan,Cccccc,Andrzej,173149011
Aneta,Bbbbbb,Andrzej,169411523
Andrzej,Bbbbbb,Aneta,056642429
Bogdan,Aaaa,Andrzej,550503783
Aneta,Bbbbbb,Aneta,019350890
Aneta,Aaaa,Andrzej,541790238
Andrzej,Aaaa,Aneta,208987038
Aneta,Cccccc,Andrzej,392283242
Bogdan,Aaaa,Aneta,906363445
Andrzej,Cccccc,Bogdan,442213517
Andrzej,Bbbbbb,Andrzej,884920083
Andrzej,Bbbbbb,Andrzej,488747390
Aneta,Bbbbbb,Bogdan,027034383
Bogdan,Cccccc,Aneta,690780113
Aneta,Aaaa,Aneta,507763548
Aneta,Cccccc,Bogdan,238257574
Andrzej,Cccccc,Aneta,258314131
Andrzej,Cccccc,Bogdan,661914365
Andrzej,Bbbbbb,Bogdan,199230398
Aneta,Aaaa,Andrzej,908021897
Bogdan,Bbbbbb,Bogdan,673513397
Bogdan,Bbbbbb,Andrzej,985164251
Bogdan,Cccccc,Bogdan,171723640
Bogdan,Aaaa,Bogdan,751560403
Aneta,Aaaa,Andrzej,476608330
Bogdan,Bbbbbb,Andrzej,846698096
Aneta,Aaaa,Andrzej,916970819
Bogdan,Aaaa,Bogdan,649996400
Aneta,Bbbbbb,Aneta,242995444
Aneta,Aaaa,Bogdan,810491444
Bogdan,Aaaa,Bogdan,877000473
Aneta,Cccccc,Bogdan,057413838
Aneta,Aaaa,Aneta,394517715
Aneta,Cccccc,Andrzej,195804937
Andrzej,Bbbbbb,Aneta,893014980
Bogdan,Cccccc,Bogdan,619763797
Aneta,Bbbbbb,Andrzej,124832721
Andrzej,Cccccc,Aneta,268523023
Bogdan,Bbbbbb,Aneta,180398650
Aneta,Cccccc,Aneta,627649300
Bogdan,Aaaa,Aneta,130427842
Aneta,Cccccc,Andrzej,991576341
Aneta,Cccccc,Andrzej,352441377
Bogdan,Bbbbbb,Aneta,179858654
Aneta,Aaaa,Aneta,698101837
Bogdan,Cccccc,Aneta,358906620
Bogdan,Aaaa,Aneta,517624851
Aneta,Cccccc,Andrzej,284239274
Andrzej,Cccccc,Bogdan,271685741
Andrzej,Cccccc,Bogdan,022482683
Aneta,Aaaa,Bogdan,104906393
Bogdan,Aaaa,Aneta,625318582
Andrzej,Aaaa,Andrzej,531220254
Bogdan,Bbbbbb,Andrzej,788941007
Aneta,Aaaa,Aneta,077872714
Bogdan,Aaaa,Andrzej,432335037
Aneta,Aaaa,Aneta,056705764
Bogdan,Aaaa,Andrzej,219274558
Aneta,Cccccc,Bogdan,671294325
Aneta,Bbbbbb,Bogdan,019382052
Bogdan,Cccccc,Aneta,078541932
Bogdan,Cccccc,Aneta,765467125
Aneta,Bbbbbb,Bogdan,607383405
Bogdan,Cccccc,Aneta,201416020
Bogdan,Cccccc,Andrzej,836707697
Aneta,Cccccc,Andrzej,522072034
Andrzej,Cccccc,Bogdan,976645385
Aneta,Aaaa,Andrzej,901596284
Andrzej,Aaaa,Andrzej,623423036
Andrzej,Bbbbbb,Bogdan,617287581
Aneta,Bbbbbb,Andrzej,852547753
Aneta,Aaaa,Bogdan,175989888
Andrzej,Aaaa,Bogdan,166104222
Aneta,Bbbbbb,Bogdan,250798080
Bogdan,Cccccc,Andrzej,581412986
Andrzej,Cccccc,Andrzej,395077955
Andrzej,Bbbbbb,Aneta,893260331
Aneta,Bbbbbb,Andrzej,878282415
Andrzej,Bbbbbb,Andrzej,767884015
Andrzej,Bbbbbb,Bogdan,420580634
Andrzej,Cccccc,Aneta,775594740
Andrzej,Aaaa,Andrzej,595470811
Andrzej,Bbbbbb,Aneta,871780964
Bogdan,Bbbbbb,Bogdan,415966677
Andrzej,Aaaa,Bogdan,029930467
Bogdan,Aaaa,Aneta,152318935
Bogdan,Cccccc,Aneta,545521556
Aneta,Cccccc,Andrzej,982994152
Aneta,Aaaa,Aneta,036217413
Andrzej,Cccccc,Bogdan,307112566
Andrzej,Bbbbbb,Bogdan,436981543
Andrzej,Bbbbbb,Aneta,125989144
Aneta,Cccccc,Aneta,348833998
Andrzej,Cccccc,Andrzej,632439872
Aneta,Aaaa,Aneta,122448413
Andrzej,Aaaa,Aneta,671806455
Bogdan,Cccccc,Andrzej,803100420
Andrzej,Bbbbbb,Bogdan,208903270
Aneta,Aaaa,Andrzej,447305571
Andrzej,Aaaa,Aneta,621003595
Bogdan,Bbbbbb,Aneta,862596161
Andrzej,Aaaa,Aneta,184264610
Bogdan,Aaaa,Bogdan,452469802
Aneta,Bbbbbb,Andrzej,213768755
Andrzej,Cccccc,Andrzej,573293784
Andrzej,Cccccc,Aneta,664011124
Aneta,Bbbbbb,Bogdan,939740296
Bogdan,Bbbbbb,Bogdan,071595014
Andrzej,Cccccc,Bogdan,705642857
Aneta,Cccccc,Aneta,367988611
Aneta,Cccccc,Aneta,832954439
Bogdan,Bbbbbb,Andrzej,796071296
Bogdan,Bbbbbb,Andrzej,752178683
Aneta,Bbbbbb,Aneta,269636753
Bogdan,Cccccc,Bogdan,569340776
Andrzej,Aaaa,Aneta,285729146
Bogdan,Aaaa,Aneta,990852119
Bogdan,Cccccc,Andrzej,655462700
Andrzej,Aaaa,Bogdan,594368628
Bogdan,Aaaa,Bogdan,958674239
Bogdan,Bbbbbb,Aneta,569344918
Bogdan,Cccccc,Andrzej,287723652
Aneta,Aaaa,Aneta,582512675
Bogdan,Aaaa,Aneta,993236727
Bogdan,Aaaa,Andrzej,464950463
Bogdan,Bbbbbb,Andrzej,689407240
Aneta,Cccccc,Aneta,426159700
Bogdan,Aaaa,Andrzej,935451445
Andrzej,Cccccc,Aneta,578047091
Andrzej,Bbbbbb,Bogdan,746183766
Aneta,Aaaa,Andrzej,047095247
Andrzej,Aaaa,Bogdan,004341185
Andrzej,Cccccc,Aneta,658994237
Aneta,Cccccc,Andrzej,065091253
Bogdan,Bbbbbb,Bogdan,243183392
Andrzej,Bbbbbb,Andrzej,504525368
Aneta,Aaaa,Andrzej,274869372
Andrzej,Cccccc,Bogdan,294066569
Bogdan,Bbbbbb,Aneta,459445770
Aneta,Cccccc,Bogdan,862986841
Aneta,Cccccc,Bogdan,795018176
Andrzej,Cccccc,Andrzej,564159415
Andrzej,Bbbbbb,Bogdan,363989715
Aneta,Aaaa,Aneta,587281904
Aneta,Aaaa,Aneta,733507929
Bogdan,Aaaa,Bogdan,143199974
Aneta,Cccccc,Andrzej,329377689
Bogdan,Aaaa,Andrzej,978108340
Andrzej,Cccccc,Andrzej,351691383
Aneta,Cccccc,Andrzej,912898369
Aneta,Aaaa,Andrzej,993599337
Aneta,Aaaa,Bogdan,133482132
Aneta,Aaaa,Andrzej,038105830
Bogdan,Bbbbbb,Andrzej,645383911
Bogdan,Aaaa,Bogdan,658732506
Aneta,Bbbbbb,Andrzej,956468302
Aneta,Bbbbbb,Aneta,030512677
Bogdan,Aaaa,Aneta,627960884
Andrzej,Bbbbbb,Bogdan,910976862
Andrzej,Cccccc,Andrzej,538516444
Andrzej,Cccccc,Aneta,859491159
Andrzej,Bbbbbb,Bogdan,351477404
Bogdan,Cccccc,Bogdan,630227968
Bogdan,Cccccc,Bogdan,123545547
Aneta,Bbbbbb,Bogdan,381954058
Aneta,Bbbbbb,Bogdan,747328818
Andrzej,Aaaa,Andrzej,277326028
Bogdan,Aaaa,Aneta,193634160
Aneta,Aaaa,Andrzej,091948671
Andrzej,Aaaa,Andrzej,957484156
Andrzej,Bbbbbb,Andrzej,340980234
Andrzej,Aaaa,Andrzej,895983028
Bogdan,Cccccc,Aneta,915990370
Aneta,Aaaa,Andrzej,676325403
Andrzej,Aaaa,Andrzej,343148339
Andrzej,Cccccc,Bogdan,272609099
Aneta,Aaaa,Andrzej,865812123
Aneta,Cccccc,Andrzej,060806302
Andrzej,Cccccc,Aneta,792545246
Bogdan,Cccccc,Andrzej,019001737
Bogdan,Bbbbbb,Aneta,691312362
Bogdan,Cccccc,Andrzej,079225579
Bogdan,Bbbbbb,Aneta,223879387
Bogdan,Cccccc,Andrzej,619551646
Bogdan,Aaaa,Bogdan,444741926
Andrzej,Cccccc,Aneta,238627978
Andrzej,Bbbbbb,Aneta,371424340
Aneta,Aaaa,Aneta,566320731
Aneta,Cccccc,Aneta,225388485
Aneta,Bbbbbb,Andrzej,192701483
Andrzej,Cccccc,Andrzej,320036875
Andrzej,Bbbbbb,Andrzej,346273371
Bogdan,Cccccc,Bogdan,139823268
Bogdan,Aaaa,Andrzej,538942042
Andrzej,Cccccc,Bogdan,621910743
Bogdan,Bbbbbb,Aneta,968190464
Bogdan,Cccccc,Andrzej,372762063
Aneta,Aaaa,Andrzej,754054500
Aneta,Cccccc,Aneta,459515601
Bogdan,Cccccc,Andrzej,083301802
Andrzej,Bbbbbb,Aneta,289396317
Aneta,Aaaa,Aneta,750882893
Andrzej,Cccccc,Bogdan,511453060
Aneta,Bbbbbb,Bogdan,931742548
Andrzej,Bbbbbb,Aneta,795150266
Aneta,Cccccc,Aneta,322466796
